,position,change_dna,change_aa,type,occurrences,pipenn_pred,blosum62_score
0,62,ccc -> tcc,P -> S,non-conservative,60,0.7035996945855219,-1.0
1,70,ggt -> att,G -> I,conservative,51,0.6329853922514931,-4.0
2,126,tta -> tca,L -> S,non-conservative,23,0.5792281386122885,-2.0
3,105,ccc -> tcc,P -> S,non-conservative,15,0.4434795771252068,-1.0
4,425,gcg -> gtg,A -> V,conservative,8,0.6556920790334968,0.0
5,430,ggg -> gtg,G -> V,conservative,5,0.4266119048234482,-3.0
6,274,tac -> gac,Y -> D,non-conservative,4,0.8090263913313928,-3.0
7,95,ctc -> cgc,L -> R,non-conservative,4,0.7687193512003629,-2.0
8,290,gag -> gcg,E -> A,non-conservative,3,0.6984238804254544,-1.0
9,422,tcg -> gcg,S -> A,non-conservative,3,0.7680642251761413,1.0
10,56,tgg -> agg,W -> R,non-conservative,3,0.6593326007750068,-3.0
11,49,ttg -> gtg,L -> V,conservative,2,0.4671353891808648,1.0
12,327,agt -> cgt,S -> R,non-conservative,2,0.8098282257328896,-1.0
13,323,ctg -> cgg,L -> R,non-conservative,2,0.7576906191318372,-2.0
14,300,gtg -> gcg,V -> A,conservative,2,0.7076823110906783,0.0
15,296,atg -> acg,M -> T,non-conservative,1,0.8050001495980413,-1.0
16,318,tgc -> ttc,C -> F,non-conservative,1,0.6892257491163118,-2.0
17,295,cgg -> ctg,R -> L,non-conservative,1,0.7559850410346658,-2.0
18,297,ggg -> gag,G -> E,non-conservative,1,0.639373515575721,-2.0
19,297,ggg -> gtg,G -> V,conservative,1,0.639373515575721,-3.0
20,36,atg -> acg,M -> T,non-conservative,1,0.5101891675727062,-1.0
21,321,gac -> tac,D -> Y,non-conservative,1,0.6612647819327108,-3.0
22,321,gac -> gcc,D -> A,non-conservative,1,0.6612647819327108,-2.0
23,293,gcg -> acg,A -> T,non-conservative,1,0.6441110982454306,0.0
24,352,acc -> gcc,T -> A,non-conservative,1,0.5430048816932314,0.0
25,354,gag -> aag,E -> K,non-conservative,1,0.6225173054732485,1.0
26,354,gag -> gac,E -> D,conservative,1,0.6225173054732485,2.0
27,412,cgg -> tgg,R -> W,non-conservative,1,0.6068584612962932,-3.0
28,331,cac -> tac,H -> Y,non-conservative,1,0.8058922836681002,2.0
29,272,gag -> gcg,E -> A,non-conservative,1,0.7564340900033801,-1.0
30,280,cgc -> tgc,R -> C,non-conservative,1,0.8021636969605948,-3.0
31,113,cac -> cgc,H -> R,conservative,1,0.6231612468858818,0.0
32,58,cag -> ccg,Q -> P,non-conservative,1,0.6914882744989094,-1.0
33,73,ccc -> ctc,P -> L,conservative,1,0.693217894844322,-3.0
34,77,ccg -> tcg,P -> S,non-conservative,1,0.7052706461073802,-1.0
35,79,agg -> acg,R -> T,non-conservative,1,0.7521071409479838,-1.0
36,79,agg -> atg,R -> M,non-conservative,1,0.7521071409479838,-1.0
37,88,gac -> gaa,D -> E,conservative,1,0.6449695321666647,2.0
38,112,cgg -> tgg,R -> W,non-conservative,1,0.6640142822467694,-3.0
39,117,ctg -> cgg,L -> R,non-conservative,1,0.4671049683960702,-2.0
40,278,gcc -> ggc,A -> G,conservative,1,0.8121625483514445,0.0
41,190,gag -> aag,E -> K,non-conservative,1,0.4690499465766214,1.0
42,231,gcg -> acg,A -> T,non-conservative,1,0.5874569289261623,0.0
43,231,gcg -> gag,A -> E,non-conservative,1,0.5874569289261623,-1.0
44,248,cgg -> cag,R -> Q,non-conservative,1,0.4916875577931894,1.0
45,255,gac -> gtc,D -> V,non-conservative,1,0.6054280347933992,-3.0
46,255,gac -> gcc,D -> A,non-conservative,1,0.6054280347933992,-2.0
47,270,ttc -> ctc,F -> L,conservative,1,0.8835058282969914,0.0
48,448,gcg -> gtg,A -> V,conservative,1,0.4824215414299824,0.0
