,nt_position,change,aa_position,change_dna,change_aa,type,occurrences
0,0.0,,,,,,0
1,1.0,,,,,,0
2,2.0,,,,,,0
3,3.0,,,,,,0
4,4.0,,,,,,0
5,5.0,,,,,,0
6,6.0,,,,,,0
7,7.0,,,,,,0
8,8.0,,,,,,0
9,9.0,,,,,,0
10,10.0,,,,,,0
11,11.0,,,,,,0
12,12.0,,,,,,0
13,13.0,,,,,,0
14,14.0,,,,,,0
15,15.0,,,,,,0
16,16.0,,,,,,0
17,17.0,,,,,,0
18,18.0,,,,,,0
19,19.0,,,,,,0
20,20.0,,,,,,0
21,21.0,,,,,,0
22,22.0,,,,,,0
23,23.0,,,,,,0
24,24.0,,,,,,0
25,25.0,,,,,,0
26,26.0,,,,,,0
27,27.0,,,,,,0
28,28.0,,,,,,0
29,29.0,,,,,,0
30,30.0,,,,,,0
31,31.0,,,,,,0
32,32.0,,,,,,0
33,33.0,,,,,,0
34,34.0,,,,,,0
35,35.0,,,,,,0
36,36.0,,,,,,0
37,37.0,,,,,,0
38,38.0,,,,,,0
39,39.0,,,,,,0
40,40.0,,,,,,0
41,41.0,,,,,,0
42,42.0,,,,,,0
43,43.0,,,,,,0
44,44.0,,,,,,0
45,45.0,,,,,,0
46,46.0,,,,,,0
47,47.0,,,,,,0
48,48.0,,,,,,0
49,49.0,,,,,,0
50,50.0,,,,,,0
51,51.0,,,,,,0
52,52.0,,,,,,0
53,53.0,,,,,,0
54,54.0,a -> g,18.0,acg -> gcg,T -> A,non-conservative,1
55,55.0,c -> t,18.0,acg -> atg,T -> M,non-conservative,2
56,56.0,,,,,,0
57,57.0,,,,,,0
58,58.0,,,,,,0
59,59.0,,,,,,0
60,60.0,,,,,,0
61,61.0,,,,,,0
62,62.0,,,,,,0
63,63.0,,,,,,0
64,64.0,,,,,,0
65,65.0,,,,,,0
66,66.0,,,,,,0
67,67.0,,,,,,0
68,68.0,,,,,,0
69,69.0,,,,,,0
70,70.0,,,,,,0
71,71.0,,,,,,0
72,72.0,,,,,,0
73,73.0,,,,,,0
74,74.0,,,,,,0
75,75.0,,,,,,0
76,76.0,,,,,,0
77,77.0,,,,,,0
78,78.0,,,,,,0
79,79.0,,,,,,0
80,80.0,,,,,,0
81,81.0,,,,,,0
82,82.0,,,,,,0
83,83.0,,,,,,0
84,84.0,,,,,,0
85,85.0,,,,,,0
86,86.0,,,,,,0
87,87.0,,,,,,0
88,88.0,c -> t,29.0,tcg -> ttg,S -> L,non-conservative,2
89,89.0,,,,,,0
90,90.0,g -> t,30.0,ggg -> tgg,G -> W,conservative,1
91,91.0,,,,,,0
92,92.0,,,,,,0
93,93.0,,,,,,0
94,94.0,,,,,,0
95,95.0,,,,,,0
96,96.0,,,,,,0
97,97.0,,,,,,0
98,98.0,,,,,,0
99,99.0,g -> t,33.0,gtc -> ttc,V -> F,conservative,1
100,100.0,,,,,,0
101,101.0,,,,,,0
102,102.0,,,,,,0
103,103.0,,,,,,0
104,104.0,,,,,,0
105,105.0,,,,,,0
106,106.0,,,,,,0
107,107.0,,,,,,0
108,108.0,,,,,,0
109,109.0,t -> c,36.0,atg -> acg,M -> T,non-conservative,1
110,110.0,,,,,,0
111,111.0,,,,,,0
112,112.0,,,,,,0
113,113.0,,,,,,0
114,114.0,,,,,,0
115,115.0,,,,,,0
116,116.0,,,,,,0
117,117.0,,,,,,0
118,118.0,,,,,,0
119,119.0,,,,,,0
120,120.0,,,,,,0
121,121.0,,,,,,0
122,122.0,,,,,,0
123,123.0,,,,,,0
124,124.0,,,,,,0
125,125.0,,,,,,0
126,126.0,,,,,,0
127,127.0,,,,,,0
128,128.0,,,,,,0
129,129.0,,,,,,0
130,130.0,,,,,,0
131,131.0,,,,,,0
132,132.0,,,,,,0
133,133.0,,,,,,0
134,134.0,,,,,,0
135,135.0,,,,,,0
136,136.0,,,,,,0
137,137.0,,,,,,0
138,138.0,,,,,,0
139,139.0,,,,,,0
140,140.0,,,,,,0
141,141.0,,,,,,0
142,142.0,,,,,,0
143,143.0,,,,,,0
144,144.0,,,,,,0
145,145.0,,,,,,0
146,146.0,g -> a,48.0,gtg -> gta,V -> V,synonymous,1
147,147.0,t -> g,49.0,ttg -> gtg,L -> V,conservative,2
148,148.0,,,,,,0
149,149.0,,,,,,0
150,150.0,,,,,,0
151,151.0,,,,,,0
152,152.0,,,,,,0
153,153.0,,,,,,0
154,154.0,,,,,,0
155,155.0,,,,,,0
156,156.0,,,,,,0
157,157.0,,,,,,0
158,158.0,,,,,,0
159,159.0,,,,,,0
160,160.0,,,,,,0
161,161.0,,,,,,0
162,162.0,,,,,,0
163,163.0,,,,,,0
164,164.0,,,,,,0
165,165.0,,,,,,0
166,166.0,,,,,,0
167,167.0,,,,,,0
168,168.0,t -> a,56.0,tgg -> agg,W -> R,non-conservative,3
169,169.0,,,,,,0
170,170.0,,,,,,0
171,171.0,,,,,,0
172,172.0,,,,,,0
173,173.0,,,,,,0
174,174.0,,,,,,0
175,175.0,a -> c,58.0,cag -> ccg,Q -> P,non-conservative,1
176,176.0,,,,,,0
177,177.0,,,,,,0
178,178.0,,,,,,0
179,179.0,,,,,,0
180,180.0,,,,,,0
181,181.0,,,,,,0
182,182.0,,,,,,0
183,183.0,,,,,,0
184,184.0,,,,,,0
185,185.0,,,,,,0
186,186.0,c -> t,62.0,ccc -> tcc,P -> S,non-conservative,60
187,187.0,,,,,,0
188,188.0,,,,,,0
189,189.0,,,,,,0
190,190.0,,,,,,0
191,191.0,,,,,,0
192,192.0,,,,,,0
193,193.0,,,,,,0
194,194.0,,,,,,0
195,195.0,,,,,,0
196,196.0,,,,,,0
197,197.0,,,,,,0
198,198.0,,,,,,0
199,199.0,,,,,,0
200,200.0,,,,,,0
201,201.0,,,,,,0
202,202.0,,,,,,0
203,203.0,,,,,,0
204,204.0,,,,,,0
205,205.0,,,,,,0
206,206.0,,,,,,0
207,207.0,,,,,,0
208,208.0,,,,,,0
209,209.0,,,,,,0
210,210.0,g -> a,70.0,ggt -> att,G -> I,conservative,51
211,211.0,g -> t,70.0,ggt -> att,G -> I,conservative,51
212,212.0,,,,,,0
213,213.0,,,,,,0
214,214.0,,,,,,0
215,215.0,,,,,,0
216,216.0,,,,,,0
217,217.0,,,,,,0
218,218.0,,,,,,0
219,219.0,,,,,,0
220,220.0,c -> t,73.0,ccc -> ctc,P -> L,conservative,1
221,221.0,,,,,,0
222,222.0,,,,,,0
223,223.0,,,,,,0
224,224.0,,,,,,0
225,225.0,,,,,,0
226,226.0,,,,,,0
227,227.0,,,,,,0
228,228.0,,,,,,0
229,229.0,,,,,,0
230,230.0,,,,,,0
231,231.0,c -> t,77.0,ccg -> tcg,P -> S,non-conservative,1
232,232.0,,,,,,0
233,233.0,,,,,,0
234,234.0,,,,,,0
235,235.0,,,,,,0
236,236.0,,,,,,0
237,237.0,,,,,,0
238,238.0,g -> t,79.0,agg -> atg,R -> M,non-conservative,1
239,238.0,g -> c,79.0,agg -> acg,R -> T,non-conservative,1
240,239.0,,,,,,0
241,240.0,,,,,,0
242,241.0,,,,,,0
243,242.0,,,,,,0
244,243.0,,,,,,0
245,244.0,,,,,,0
246,245.0,c -> t,81.0,tac -> tat,Y -> Y,synonymous,96
247,246.0,,,,,,0
248,247.0,,,,,,0
249,248.0,,,,,,0
250,249.0,,,,,,0
251,250.0,,,,,,0
252,251.0,,,,,,0
253,252.0,,,,,,0
254,253.0,,,,,,0
255,254.0,,,,,,0
256,255.0,,,,,,0
257,256.0,,,,,,0
258,257.0,,,,,,0
259,258.0,,,,,,0
260,259.0,,,,,,0
261,260.0,,,,,,0
262,261.0,,,,,,0
263,262.0,,,,,,0
264,263.0,,,,,,0
265,264.0,,,,,,0
266,265.0,,,,,,0
267,266.0,c -> a,88.0,gac -> gaa,D -> E,conservative,1
268,267.0,,,,,,0
269,268.0,,,,,,0
270,269.0,,,,,,0
271,270.0,,,,,,0
272,271.0,,,,,,0
273,272.0,,,,,,0
274,273.0,,,,,,0
275,274.0,,,,,,0
276,275.0,,,,,,0
277,276.0,,,,,,0
278,277.0,,,,,,0
279,278.0,,,,,,0
280,279.0,,,,,,0
281,280.0,,,,,,0
282,281.0,,,,,,0
283,282.0,,,,,,0
284,283.0,,,,,,0
285,284.0,,,,,,0
286,285.0,,,,,,0
287,286.0,t -> g,95.0,ctc -> cgc,L -> R,non-conservative,4
288,287.0,,,,,,0
289,288.0,,,,,,0
290,289.0,,,,,,0
291,290.0,,,,,,0
292,291.0,,,,,,0
293,292.0,,,,,,0
294,293.0,,,,,,0
295,294.0,,,,,,0
296,295.0,,,,,,0
297,296.0,,,,,,0
298,297.0,,,,,,0
299,298.0,,,,,,0
300,299.0,,,,,,0
301,300.0,,,,,,0
302,301.0,,,,,,0
303,302.0,,,,,,0
304,303.0,,,,,,0
305,304.0,,,,,,0
306,305.0,,,,,,0
307,306.0,,,,,,0
308,307.0,,,,,,0
309,308.0,,,,,,0
310,309.0,,,,,,0
311,310.0,,,,,,0
312,311.0,,,,,,0
313,312.0,,,,,,0
314,313.0,t -> c,104.0,gtg -> gcg,V -> A,conservative,1
315,314.0,g -> c,104.0,gtg -> gtc,V -> V,synonymous,2
316,315.0,c -> t,105.0,ccc -> tcc,P -> S,non-conservative,15
317,316.0,,,,,,0
318,317.0,,,,,,0
319,318.0,,,,,,0
320,319.0,,,,,,0
321,320.0,c -> a,106.0,gcc -> gca,A -> A,synonymous,1
322,321.0,,,,,,0
323,322.0,,,,,,0
324,323.0,,,,,,0
325,324.0,,,,,,0
326,325.0,,,,,,0
327,326.0,,,,,,0
328,327.0,,,,,,0
329,328.0,,,,,,0
330,329.0,,,,,,0
331,330.0,,,,,,0
332,331.0,,,,,,0
333,332.0,,,,,,0
334,333.0,,,,,,0
335,334.0,,,,,,0
336,335.0,,,,,,0
337,336.0,c -> t,112.0,cgg -> tgg,R -> W,non-conservative,1
338,337.0,,,,,,0
339,338.0,,,,,,0
340,339.0,,,,,,0
341,340.0,a -> g,113.0,cac -> cgc,H -> R,conservative,1
342,341.0,,,,,,0
343,342.0,,,,,,0
344,343.0,,,,,,0
345,344.0,,,,,,0
346,345.0,,,,,,0
347,346.0,,,,,,0
348,347.0,,,,,,0
349,348.0,,,,,,0
350,349.0,,,,,,0
351,350.0,,,,,,0
352,351.0,,,,,,0
353,352.0,t -> g,117.0,ctg -> cgg,L -> R,non-conservative,1
354,353.0,,,,,,0
355,354.0,,,,,,0
356,355.0,,,,,,0
357,356.0,,,,,,0
358,357.0,,,,,,0
359,358.0,,,,,,0
360,359.0,,,,,,0
361,360.0,,,,,,0
362,361.0,,,,,,0
363,362.0,,,,,,0
364,363.0,,,,,,0
365,364.0,,,,,,0
366,365.0,,,,,,0
367,366.0,,,,,,0
368,367.0,,,,,,0
369,368.0,,,,,,0
370,369.0,,,,,,0
371,370.0,,,,,,0
372,371.0,,,,,,0
373,372.0,,,,,,0
374,373.0,,,,,,0
375,374.0,,,,,,0
376,375.0,,,,,,0
377,376.0,,,,,,0
378,377.0,,,,,,0
379,378.0,t -> c,126.0,tta -> cta,L -> L,synonymous,11
380,379.0,t -> c,126.0,tta -> tca,L -> S,non-conservative,23
381,380.0,,,,,,0
382,381.0,,,,,,0
383,382.0,,,,,,0
384,383.0,,,,,,0
385,384.0,,,,,,0
386,385.0,,,,,,0
387,386.0,c -> a,128.0,cgc -> cga,R -> R,synonymous,1
388,387.0,g -> a,129.0,gcg -> acg,A -> T,non-conservative,1
389,388.0,c -> t,129.0,gcg -> gtg,A -> V,conservative,3
390,389.0,,,,,,0
391,390.0,,,,,,0
392,391.0,,,,,,0
393,392.0,,,,,,0
394,393.0,,,,,,0
395,394.0,,,,,,0
396,395.0,,,,,,0
397,396.0,,,,,,0
398,397.0,,,,,,0
399,398.0,,,,,,0
400,399.0,,,,,,0
401,400.0,,,,,,0
402,401.0,,,,,,0
403,402.0,,,,,,0
404,403.0,c -> t,134.0,gcg -> gtg,A -> V,conservative,9
405,404.0,,,,,,0
406,405.0,,,,,,0
407,406.0,,,,,,0
408,407.0,,,,,,0
409,408.0,,,,,,0
410,409.0,,,,,,0
411,410.0,,,,,,0
412,411.0,,,,,,0
413,412.0,,,,,,0
414,413.0,,,,,,0
415,414.0,,,,,,0
416,415.0,,,,,,0
417,416.0,,,,,,0
418,417.0,,,,,,0
419,418.0,,,,,,0
420,419.0,,,,,,0
421,420.0,,,,,,0
422,421.0,,,,,,0
423,422.0,,,,,,0
424,423.0,,,,,,0
425,424.0,,,,,,0
426,425.0,,,,,,0
427,426.0,,,,,,0
428,427.0,,,,,,0
429,428.0,,,,,,0
430,429.0,,,,,,0
431,430.0,,,,,,0
432,431.0,,,,,,0
433,432.0,,,,,,0
434,433.0,,,,,,0
435,434.0,,,,,,0
436,435.0,,,,,,0
437,436.0,,,,,,0
438,437.0,,,,,,0
439,438.0,c -> t,146.0,ctg -> ttg,L -> L,synonymous,1
440,439.0,,,,,,0
441,440.0,,,,,,0
442,441.0,,,,,,0
443,442.0,,,,,,0
444,443.0,,,,,,0
445,444.0,,,,,,0
446,445.0,,,,,,0
447,446.0,,,,,,0
448,447.0,,,,,,0
449,448.0,,,,,,0
450,449.0,c -> t,149.0,gtc -> gtt,V -> V,synonymous,1
451,450.0,,,,,,0
452,451.0,,,,,,0
453,452.0,,,,,,0
454,453.0,a -> c,151.0,agc -> cgc,S -> R,non-conservative,2
455,454.0,,,,,,0
456,455.0,,,,,,0
457,456.0,,,,,,0
458,457.0,,,,,,0
459,458.0,,,,,,0
460,459.0,,,,,,0
461,460.0,,,,,,0
462,461.0,,,,,,0
463,462.0,,,,,,0
464,463.0,,,,,,0
465,464.0,,,,,,0
466,465.0,,,,,,0
467,466.0,,,,,,0
468,467.0,,,,,,0
469,468.0,,,,,,0
470,469.0,t -> c,156.0,ctg -> ccg,L -> P,conservative,1
471,470.0,,,,,,0
472,471.0,,,,,,0
473,472.0,,,,,,0
474,473.0,,,,,,0
475,474.0,,,,,,0
476,475.0,,,,,,0
477,476.0,,,,,,0
478,477.0,,,,,,0
479,478.0,,,,,,0
480,479.0,,,,,,0
481,480.0,,,,,,0
482,481.0,,,,,,0
483,482.0,g -> c,160.0,cag -> cac,Q -> H,non-conservative,2
484,483.0,,,,,,0
485,484.0,,,,,,0
486,485.0,,,,,,0
487,486.0,,,,,,0
488,487.0,,,,,,0
489,488.0,,,,,,0
490,489.0,a -> c,163.0,ata -> cta,I -> L,conservative,1
491,490.0,,,,,,0
492,491.0,,,,,,0
493,492.0,,,,,,0
494,493.0,,,,,,0
495,494.0,,,,,,0
496,495.0,,,,,,0
497,496.0,,,,,,0
498,497.0,,,,,,0
499,498.0,,,,,,0
500,499.0,,,,,,0
501,500.0,,,,,,0
502,501.0,,,,,,0
503,502.0,,,,,,0
504,503.0,,,,,,0
505,504.0,,,,,,0
506,505.0,,,,,,0
507,506.0,,,,,,0
508,507.0,,,,,,0
509,508.0,,,,,,0
510,509.0,,,,,,0
511,510.0,,,,,,0
512,511.0,,,,,,0
513,512.0,,,,,,0
514,513.0,,,,,,0
515,514.0,c -> t,171.0,ccc -> ctc,P -> L,conservative,3135
516,515.0,,,,,,0
517,516.0,,,,,,0
518,517.0,,,,,,0
519,518.0,,,,,,0
520,519.0,,,,,,0
521,520.0,,,,,,0
522,521.0,,,,,,0
523,522.0,,,,,,0
524,523.0,,,,,,0
525,524.0,,,,,,0
526,525.0,,,,,,0
527,526.0,,,,,,0
528,527.0,,,,,,0
529,528.0,,,,,,0
530,529.0,,,,,,0
531,530.0,,,,,,0
532,531.0,,,,,,0
533,532.0,,,,,,0
534,533.0,,,,,,0
535,534.0,g -> a,178.0,gtg -> atg,V -> M,conservative,3
536,535.0,,,,,,0
537,536.0,,,,,,0
538,537.0,,,,,,0
539,538.0,,,,,,0
540,539.0,,,,,,0
541,540.0,,,,,,0
542,541.0,,,,,,0
543,542.0,,,,,,0
544,543.0,,,,,,0
545,544.0,,,,,,0
546,545.0,,,,,,0
547,546.0,a -> c,182.0,agc -> cgc,S -> R,non-conservative,1
548,547.0,,,,,,0
549,548.0,,,,,,0
550,549.0,,,,,,0
551,550.0,,,,,,0
552,551.0,,,,,,0
553,552.0,,,,,,0
554,553.0,,,,,,0
555,554.0,,,,,,0
556,555.0,,,,,,0
557,556.0,c -> t,185.0,ccg -> ctg,P -> L,conservative,1
558,557.0,g -> t,185.0,ccg -> cct,P -> P,synonymous,3
559,558.0,,,,,,0
560,559.0,,,,,,0
561,560.0,,,,,,0
562,561.0,,,,,,0
563,562.0,c -> t,187.0,gca -> gta,A -> V,conservative,1
564,563.0,,,,,,0
565,564.0,,,,,,0
566,565.0,,,,,,0
567,566.0,,,,,,0
568,567.0,,,,,,0
569,568.0,,,,,,0
570,569.0,,,,,,0
571,570.0,g -> a,190.0,gag -> aag,E -> K,non-conservative,1
572,571.0,,,,,,0
573,572.0,,,,,,0
574,573.0,,,,,,0
575,574.0,,,,,,0
576,575.0,,,,,,0
577,576.0,,,,,,0
578,577.0,,,,,,0
579,578.0,,,,,,0
580,579.0,,,,,,0
581,580.0,,,,,,0
582,581.0,c -> t,193.0,gcc -> gct,A -> A,synonymous,3
583,582.0,,,,,,0
584,583.0,,,,,,0
585,584.0,,,,,,0
586,585.0,,,,,,0
587,586.0,c -> t,195.0,gcg -> gtg,A -> V,conservative,1
588,587.0,,,,,,0
589,588.0,,,,,,0
590,589.0,,,,,,0
591,590.0,,,,,,0
592,591.0,,,,,,0
593,592.0,,,,,,0
594,593.0,,,,,,0
595,594.0,,,,,,0
596,595.0,,,,,,0
597,596.0,,,,,,0
598,597.0,,,,,,0
599,598.0,,,,,,0
600,599.0,,,,,,0
601,600.0,,,,,,0
602,601.0,,,,,,0
603,602.0,,,,,,0
604,603.0,,,,,,0
605,604.0,,,,,,0
606,605.0,,,,,,0
607,606.0,,,,,,0
608,607.0,,,,,,0
609,608.0,,,,,,0
610,609.0,,,,,,0
611,610.0,,,,,,0
612,611.0,,,,,,0
613,612.0,,,,,,0
614,613.0,,,,,,0
615,614.0,,,,,,0
616,615.0,,,,,,0
617,616.0,,,,,,0
618,617.0,,,,,,0
619,618.0,c -> t,206.0,ccg -> tcg,P -> S,non-conservative,1
620,619.0,,,,,,0
621,620.0,,,,,,0
622,621.0,,,,,,0
623,622.0,,,,,,0
624,623.0,,,,,,0
625,624.0,t -> g,208.0,tgg -> ggg,W -> G,conservative,2
626,625.0,,,,,,0
627,626.0,,,,,,0
628,627.0,,,,,,0
629,628.0,,,,,,0
630,629.0,,,,,,0
631,630.0,,,,,,0
632,631.0,,,,,,0
633,632.0,,,,,,0
634,633.0,,,,,,0
635,634.0,,,,,,0
636,635.0,,,,,,0
637,636.0,,,,,,0
638,637.0,,,,,,0
639,638.0,,,,,,0
640,639.0,,,,,,0
641,640.0,,,,,,0
642,641.0,,,,,,0
643,642.0,g -> a,214.0,gtc -> atc,V -> I,conservative,1
644,642.0,g -> t,214.0,gtc -> ttc,V -> F,conservative,2
645,643.0,,,,,,0
646,644.0,c -> t,214.0,gtc -> gtt,V -> V,synonymous,1
647,645.0,,,,,,0
648,646.0,,,,,,0
649,647.0,,,,,,0
650,648.0,c -> g,216.0,cgg -> ggg,R -> G,non-conservative,2
651,649.0,,,,,,0
652,650.0,,,,,,0
653,651.0,,,,,,0
654,652.0,,,,,,0
655,653.0,,,,,,0
656,654.0,,,,,,0
657,655.0,,,,,,0
658,656.0,,,,,,0
659,657.0,,,,,,0
660,658.0,,,,,,0
661,659.0,,,,,,0
662,660.0,,,,,,0
663,661.0,c -> t,220.0,gcg -> gtg,A -> V,conservative,1
664,662.0,,,,,,0
665,663.0,,,,,,0
666,664.0,,,,,,0
667,665.0,,,,,,0
668,666.0,,,,,,0
669,667.0,,,,,,0
670,668.0,,,,,,0
671,669.0,,,,,,0
672,670.0,,,,,,0
673,671.0,,,,,,0
674,672.0,,,,,,0
675,673.0,,,,,,0
676,674.0,,,,,,0
677,675.0,,,,,,0
678,676.0,,,,,,0
679,677.0,,,,,,0
680,678.0,,,,,,0
681,679.0,,,,,,0
682,680.0,,,,,,0
683,681.0,,,,,,0
684,682.0,,,,,,0
685,683.0,,,,,,0
686,684.0,,,,,,0
687,685.0,,,,,,0
688,686.0,,,,,,0
689,687.0,,,,,,0
690,688.0,,,,,,0
691,689.0,,,,,,0
692,690.0,,,,,,0
693,691.0,,,,,,0
694,692.0,,,,,,0
695,693.0,g -> a,231.0,gcg -> acg,A -> T,non-conservative,1
696,694.0,c -> a,231.0,gcg -> gag,A -> E,non-conservative,1
697,695.0,,,,,,0
698,696.0,,,,,,0
699,697.0,,,,,,0
700,698.0,,,,,,0
701,699.0,,,,,,0
702,700.0,c -> t,233.0,gcg -> gtg,A -> V,conservative,1
703,701.0,,,,,,0
704,702.0,,,,,,0
705,703.0,,,,,,0
706,704.0,,,,,,0
707,705.0,,,,,,0
708,706.0,,,,,,0
709,707.0,,,,,,0
710,708.0,,,,,,0
711,709.0,,,,,,0
712,710.0,,,,,,0
713,711.0,,,,,,0
714,712.0,,,,,,0
715,713.0,,,,,,0
716,714.0,,,,,,0
717,715.0,,,,,,0
718,716.0,,,,,,0
719,717.0,,,,,,0
720,718.0,,,,,,0
721,719.0,,,,,,0
722,720.0,,,,,,0
723,721.0,,,,,,0
724,722.0,,,,,,0
725,723.0,,,,,,0
726,724.0,,,,,,0
727,725.0,,,,,,0
728,726.0,,,,,,0
729,727.0,,,,,,0
730,728.0,,,,,,0
731,729.0,,,,,,0
732,730.0,,,,,,0
733,731.0,,,,,,0
734,732.0,,,,,,0
735,733.0,,,,,,0
736,734.0,,,,,,0
737,735.0,,,,,,0
738,736.0,,,,,,0
739,737.0,,,,,,0
740,738.0,,,,,,0
741,739.0,,,,,,0
742,740.0,,,,,,0
743,741.0,,,,,,0
744,742.0,,,,,,0
745,743.0,,,,,,0
746,744.0,,,,,,0
747,745.0,g -> a,248.0,cgg -> cag,R -> Q,non-conservative,1
748,746.0,,,,,,0
749,747.0,,,,,,0
750,748.0,,,,,,0
751,749.0,,,,,,0
752,750.0,,,,,,0
753,751.0,,,,,,0
754,752.0,a -> g,250.0,cga -> cgg,R -> R,synonymous,1
755,753.0,,,,,,0
756,754.0,,,,,,0
757,755.0,,,,,,0
758,756.0,,,,,,0
759,757.0,,,,,,0
760,758.0,,,,,,0
761,759.0,,,,,,0
762,760.0,,,,,,0
763,761.0,,,,,,0
764,762.0,,,,,,0
765,763.0,,,,,,0
766,764.0,,,,,,0
767,765.0,,,,,,0
768,766.0,a -> c,255.0,gac -> gcc,D -> A,non-conservative,1
769,766.0,a -> t,255.0,gac -> gtc,D -> V,non-conservative,1
770,767.0,,,,,,0
771,768.0,,,,,,0
772,769.0,,,,,,0
773,770.0,,,,,,0
774,771.0,,,,,,0
775,772.0,,,,,,0
776,773.0,,,,,,0
777,774.0,,,,,,0
778,775.0,,,,,,0
779,776.0,,,,,,0
780,777.0,,,,,,0
781,778.0,,,,,,0
782,779.0,,,,,,0
783,780.0,,,,,,0
784,781.0,,,,,,0
785,782.0,,,,,,0
786,783.0,,,,,,0
787,784.0,,,,,,0
788,785.0,,,,,,0
789,786.0,,,,,,0
790,787.0,,,,,,0
791,788.0,,,,,,0
792,789.0,,,,,,0
793,790.0,,,,,,0
794,791.0,,,,,,0
795,792.0,,,,,,0
796,793.0,,,,,,0
797,794.0,,,,,,0
798,795.0,,,,,,0
799,796.0,,,,,,0
800,797.0,,,,,,0
801,798.0,,,,,,0
802,799.0,,,,,,0
803,800.0,,,,,,0
804,801.0,,,,,,0
805,802.0,,,,,,0
806,803.0,,,,,,0
807,804.0,,,,,,0
808,805.0,,,,,,0
809,806.0,,,,,,0
810,807.0,,,,,,0
811,808.0,,,,,,0
812,809.0,,,,,,0
813,810.0,t -> c,270.0,ttc -> ctc,F -> L,conservative,1
814,811.0,,,,,,0
815,812.0,,,,,,0
816,813.0,,,,,,0
817,814.0,,,,,,0
818,815.0,,,,,,0
819,816.0,,,,,,0
820,817.0,a -> c,272.0,gag -> gcg,E -> A,non-conservative,1
821,818.0,,,,,,0
822,819.0,,,,,,0
823,820.0,,,,,,0
824,821.0,,,,,,0
825,822.0,t -> g,274.0,tac -> gac,Y -> D,non-conservative,4
826,823.0,,,,,,0
827,824.0,,,,,,0
828,825.0,,,,,,0
829,826.0,,,,,,0
830,827.0,,,,,,0
831,828.0,,,,,,0
832,829.0,,,,,,0
833,830.0,,,,,,0
834,831.0,,,,,,0
835,832.0,,,,,,0
836,833.0,,,,,,0
837,834.0,,,,,,0
838,835.0,c -> g,278.0,gcc -> ggc,A -> G,conservative,1
839,836.0,,,,,,0
840,837.0,,,,,,0
841,838.0,,,,,,0
842,839.0,,,,,,0
843,840.0,c -> t,280.0,cgc -> tgc,R -> C,non-conservative,1
844,841.0,,,,,,0
845,842.0,,,,,,0
846,843.0,,,,,,0
847,844.0,,,,,,0
848,845.0,,,,,,0
849,846.0,,,,,,0
850,847.0,,,,,,0
851,848.0,g -> a,282.0,gtg -> gta,V -> V,synonymous,1
852,849.0,,,,,,0
853,850.0,,,,,,0
854,851.0,,,,,,0
855,852.0,,,,,,0
856,853.0,,,,,,0
857,854.0,,,,,,0
858,855.0,,,,,,0
859,856.0,,,,,,0
860,857.0,,,,,,0
861,858.0,,,,,,0
862,859.0,,,,,,0
863,860.0,,,,,,0
864,861.0,,,,,,0
865,862.0,,,,,,0
866,863.0,,,,,,0
867,864.0,,,,,,0
868,865.0,,,,,,0
869,866.0,,,,,,0
870,867.0,,,,,,0
871,868.0,,,,,,0
872,869.0,,,,,,0
873,870.0,,,,,,0
874,871.0,a -> c,290.0,gag -> gcg,E -> A,non-conservative,3
875,872.0,,,,,,0
876,873.0,,,,,,0
877,874.0,,,,,,0
878,875.0,,,,,,0
879,876.0,,,,,,0
880,877.0,,,,,,0
881,878.0,,,,,,0
882,879.0,g -> a,293.0,gcg -> acg,A -> T,non-conservative,1
883,880.0,,,,,,0
884,881.0,,,,,,0
885,882.0,,,,,,0
886,883.0,,,,,,0
887,884.0,,,,,,0
888,885.0,,,,,,0
889,886.0,g -> t,295.0,cgg -> ctg,R -> L,non-conservative,1
890,887.0,,,,,,0
891,888.0,,,,,,0
892,889.0,t -> c,296.0,atg -> acg,M -> T,non-conservative,1
893,890.0,,,,,,0
894,891.0,,,,,,0
895,892.0,g -> t,297.0,ggg -> gtg,G -> V,conservative,1
896,892.0,g -> a,297.0,ggg -> gag,G -> E,non-conservative,1
897,893.0,,,,,,0
898,894.0,,,,,,0
899,895.0,,,,,,0
900,896.0,,,,,,0
901,897.0,,,,,,0
902,898.0,,,,,,0
903,899.0,,,,,,0
904,900.0,,,,,,0
905,901.0,t -> c,300.0,gtg -> gcg,V -> A,conservative,2
906,902.0,,,,,,0
907,903.0,,,,,,0
908,904.0,,,,,,0
909,905.0,,,,,,0
910,906.0,,,,,,0
911,907.0,,,,,,0
912,908.0,,,,,,0
913,909.0,,,,,,0
914,910.0,,,,,,0
915,911.0,,,,,,0
916,912.0,,,,,,0
917,913.0,,,,,,0
918,914.0,,,,,,0
919,915.0,,,,,,0
920,916.0,,,,,,0
921,917.0,,,,,,0
922,918.0,,,,,,0
923,919.0,,,,,,0
924,920.0,,,,,,0
925,921.0,,,,,,0
926,922.0,,,,,,0
927,923.0,,,,,,0
928,924.0,,,,,,0
929,925.0,,,,,,0
930,926.0,,,,,,0
931,927.0,,,,,,0
932,928.0,,,,,,0
933,929.0,,,,,,0
934,930.0,,,,,,0
935,931.0,,,,,,0
936,932.0,,,,,,0
937,933.0,,,,,,0
938,934.0,,,,,,0
939,935.0,,,,,,0
940,936.0,,,,,,0
941,937.0,,,,,,0
942,938.0,,,,,,0
943,939.0,,,,,,0
944,940.0,,,,,,0
945,941.0,,,,,,0
946,942.0,,,,,,0
947,943.0,,,,,,0
948,944.0,,,,,,0
949,945.0,,,,,,0
950,946.0,,,,,,0
951,947.0,,,,,,0
952,948.0,,,,,,0
953,949.0,,,,,,0
954,950.0,,,,,,0
955,951.0,,,,,,0
956,952.0,,,,,,0
957,953.0,,,,,,0
958,954.0,,,,,,0
959,955.0,g -> t,318.0,tgc -> ttc,C -> F,non-conservative,1
960,956.0,,,,,,0
961,957.0,,,,,,0
962,958.0,,,,,,0
963,959.0,,,,,,0
964,960.0,,,,,,0
965,961.0,,,,,,0
966,962.0,,,,,,0
967,963.0,g -> t,321.0,gac -> tac,D -> Y,non-conservative,1
968,964.0,a -> c,321.0,gac -> gcc,D -> A,non-conservative,1
969,965.0,,,,,,0
970,966.0,,,,,,0
971,967.0,,,,,,0
972,968.0,,,,,,0
973,969.0,,,,,,0
974,970.0,t -> g,323.0,ctg -> cgg,L -> R,non-conservative,2
975,971.0,,,,,,0
976,972.0,,,,,,0
977,973.0,,,,,,0
978,974.0,,,,,,0
979,975.0,,,,,,0
980,976.0,,,,,,0
981,977.0,,,,,,0
982,978.0,,,,,,0
983,979.0,,,,,,0
984,980.0,,,,,,0
985,981.0,a -> c,327.0,agt -> cgt,S -> R,non-conservative,2
986,982.0,,,,,,0
987,983.0,,,,,,0
988,984.0,,,,,,0
989,985.0,,,,,,0
990,986.0,,,,,,0
991,987.0,,,,,,0
992,988.0,,,,,,0
993,989.0,,,,,,0
994,990.0,,,,,,0
995,991.0,,,,,,0
996,992.0,,,,,,0
997,993.0,c -> t,331.0,cac -> tac,H -> Y,non-conservative,1
998,994.0,,,,,,0
999,995.0,,,,,,0
1000,996.0,,,,,,0
1001,997.0,,,,,,0
1002,998.0,,,,,,0
1003,999.0,,,,,,0
1004,1000.0,,,,,,0
1005,1001.0,,,,,,0
1006,1002.0,,,,,,0
1007,1003.0,,,,,,0
1008,1004.0,,,,,,0
1009,1005.0,,,,,,0
1010,1006.0,,,,,,0
1011,1007.0,,,,,,0
1012,1008.0,,,,,,0
1013,1009.0,,,,,,0
1014,1010.0,,,,,,0
1015,1011.0,,,,,,0
1016,1012.0,,,,,,0
1017,1013.0,,,,,,0
1018,1014.0,,,,,,0
1019,1015.0,,,,,,0
1020,1016.0,,,,,,0
1021,1017.0,,,,,,0
1022,1018.0,,,,,,0
1023,1019.0,,,,,,0
1024,1020.0,,,,,,0
1025,1021.0,,,,,,0
1026,1022.0,,,,,,0
1027,1023.0,,,,,,0
1028,1024.0,,,,,,0
1029,1025.0,,,,,,0
1030,1026.0,,,,,,0
1031,1027.0,,,,,,0
1032,1028.0,,,,,,0
1033,1029.0,,,,,,0
1034,1030.0,,,,,,0
1035,1031.0,,,,,,0
1036,1032.0,,,,,,0
1037,1033.0,,,,,,0
1038,1034.0,,,,,,0
1039,1035.0,,,,,,0
1040,1036.0,,,,,,0
1041,1037.0,,,,,,0
1042,1038.0,,,,,,0
1043,1039.0,,,,,,0
1044,1040.0,,,,,,0
1045,1041.0,,,,,,0
1046,1042.0,,,,,,0
1047,1043.0,,,,,,0
1048,1044.0,,,,,,0
1049,1045.0,,,,,,0
1050,1046.0,,,,,,0
1051,1047.0,,,,,,0
1052,1048.0,,,,,,0
1053,1049.0,,,,,,0
1054,1050.0,,,,,,0
1055,1051.0,,,,,,0
1056,1052.0,,,,,,0
1057,1053.0,,,,,,0
1058,1054.0,,,,,,0
1059,1055.0,,,,,,0
1060,1056.0,a -> g,352.0,acc -> gcc,T -> A,non-conservative,1
1061,1057.0,,,,,,0
1062,1058.0,,,,,,0
1063,1059.0,,,,,,0
1064,1060.0,c -> t,353.0,ccg -> ctg,P -> L,conservative,1
1065,1061.0,,,,,,0
1066,1062.0,g -> a,354.0,gag -> aag,E -> K,non-conservative,1
1067,1063.0,,,,,,0
1068,1064.0,g -> c,354.0,gag -> gac,E -> D,conservative,1
1069,1065.0,,,,,,0
1070,1066.0,,,,,,0
1071,1067.0,,,,,,0
1072,1068.0,,,,,,0
1073,1069.0,,,,,,0
1074,1070.0,,,,,,0
1075,1071.0,,,,,,0
1076,1072.0,,,,,,0
1077,1073.0,c -> a,357.0,ggc -> gga,G -> G,synonymous,35
1078,1074.0,,,,,,0
1079,1075.0,,,,,,0
1080,1076.0,,,,,,0
1081,1077.0,,,,,,0
1082,1078.0,,,,,,0
1083,1079.0,,,,,,0
1084,1080.0,,,,,,0
1085,1081.0,,,,,,0
1086,1082.0,,,,,,0
1087,1083.0,,,,,,0
1088,1084.0,,,,,,0
1089,1085.0,,,,,,0
1090,1086.0,,,,,,0
1091,1087.0,,,,,,0
1092,1088.0,,,,,,0
1093,1089.0,,,,,,0
1094,1090.0,,,,,,0
1095,1091.0,,,,,,0
1096,1092.0,,,,,,0
1097,1093.0,,,,,,0
1098,1094.0,,,,,,0
1099,1095.0,,,,,,0
1100,1096.0,,,,,,0
1101,1097.0,,,,,,0
1102,1098.0,,,,,,0
1103,1099.0,,,,,,0
1104,1100.0,,,,,,0
1105,1101.0,,,,,,0
1106,1102.0,,,,,,0
1107,1103.0,,,,,,0
1108,1104.0,,,,,,0
1109,1105.0,,,,,,0
1110,1106.0,,,,,,0
1111,1107.0,,,,,,0
1112,1108.0,,,,,,0
1113,1109.0,,,,,,0
1114,1110.0,,,,,,0
1115,1111.0,,,,,,0
1116,1112.0,,,,,,0
1117,1113.0,,,,,,0
1118,1114.0,,,,,,0
1119,1115.0,,,,,,0
1120,1116.0,,,,,,0
1121,1117.0,,,,,,0
1122,1118.0,,,,,,0
1123,1119.0,,,,,,0
1124,1120.0,,,,,,0
1125,1121.0,,,,,,0
1126,1122.0,,,,,,0
1127,1123.0,,,,,,0
1128,1124.0,,,,,,0
1129,1125.0,,,,,,0
1130,1126.0,,,,,,0
1131,1127.0,,,,,,0
1132,1128.0,,,,,,0
1133,1129.0,,,,,,0
1134,1130.0,,,,,,0
1135,1131.0,,,,,,0
1136,1132.0,,,,,,0
1137,1133.0,c -> t,377.0,acc -> act,T -> T,synonymous,9
1138,1134.0,,,,,,0
1139,1135.0,,,,,,0
1140,1136.0,,,,,,0
1141,1137.0,,,,,,0
1142,1138.0,,,,,,0
1143,1139.0,,,,,,0
1144,1140.0,,,,,,0
1145,1141.0,,,,,,0
1146,1142.0,,,,,,0
1147,1143.0,,,,,,0
1148,1144.0,c -> t,381.0,gcc -> gtc,A -> V,conservative,2
1149,1145.0,,,,,,0
1150,1146.0,,,,,,0
1151,1147.0,,,,,,0
1152,1148.0,,,,,,0
1153,1149.0,,,,,,0
1154,1150.0,,,,,,0
1155,1151.0,,,,,,0
1156,1152.0,,,,,,0
1157,1153.0,,,,,,0
1158,1154.0,,,,,,0
1159,1155.0,,,,,,0
1160,1156.0,,,,,,0
1161,1157.0,,,,,,0
1162,1158.0,,,,,,0
1163,1159.0,,,,,,0
1164,1160.0,,,,,,0
1165,1161.0,g -> a,387.0,gtc -> atc,V -> I,conservative,1
1166,1162.0,,,,,,0
1167,1163.0,,,,,,0
1168,1164.0,,,,,,0
1169,1165.0,,,,,,0
1170,1166.0,,,,,,0
1171,1167.0,a -> g,389.0,acc -> gcc,T -> A,non-conservative,1
1172,1168.0,c -> t,389.0,acc -> atc,T -> I,non-conservative,1
1173,1169.0,,,,,,0
1174,1170.0,,,,,,0
1175,1171.0,,,,,,0
1176,1172.0,,,,,,0
1177,1173.0,,,,,,0
1178,1174.0,g -> a,391.0,ggc -> gac,G -> D,non-conservative,1
1179,1175.0,,,,,,0
1180,1176.0,,,,,,0
1181,1177.0,,,,,,0
1182,1178.0,,,,,,0
1183,1179.0,,,,,,0
1184,1180.0,,,,,,0
1185,1181.0,,,,,,0
1186,1182.0,,,,,,0
1187,1183.0,c -> g,394.0,gcc -> ggc,A -> G,conservative,17
1188,1184.0,,,,,,0
1189,1185.0,,,,,,0
1190,1186.0,,,,,,0
1191,1187.0,,,,,,0
1192,1188.0,,,,,,0
1193,1189.0,,,,,,0
1194,1190.0,,,,,,0
1195,1191.0,,,,,,0
1196,1192.0,,,,,,0
1197,1193.0,,,,,,0
1198,1194.0,,,,,,0
1199,1195.0,,,,,,0
1200,1196.0,,,,,,0
1201,1197.0,,,,,,0
1202,1198.0,,,,,,0
1203,1199.0,,,,,,0
1204,1200.0,,,,,,0
1205,1201.0,,,,,,0
1206,1202.0,,,,,,0
1207,1203.0,,,,,,0
1208,1204.0,,,,,,0
1209,1205.0,,,,,,0
1210,1206.0,,,,,,0
1211,1207.0,,,,,,0
1212,1208.0,,,,,,0
1213,1209.0,,,,,,0
1214,1210.0,,,,,,0
1215,1211.0,,,,,,0
1216,1212.0,,,,,,0
1217,1213.0,,,,,,0
1218,1214.0,,,,,,0
1219,1215.0,,,,,,0
1220,1216.0,,,,,,0
1221,1217.0,,,,,,0
1222,1218.0,,,,,,0
1223,1219.0,,,,,,0
1224,1220.0,,,,,,0
1225,1221.0,,,,,,0
1226,1222.0,,,,,,0
1227,1223.0,,,,,,0
1228,1224.0,,,,,,0
1229,1225.0,,,,,,0
1230,1226.0,,,,,,0
1231,1227.0,,,,,,0
1232,1228.0,,,,,,0
1233,1229.0,,,,,,0
1234,1230.0,,,,,,0
1235,1231.0,,,,,,0
1236,1232.0,,,,,,0
1237,1233.0,,,,,,0
1238,1234.0,,,,,,0
1239,1235.0,,,,,,0
1240,1236.0,c -> t,412.0,cgg -> tgg,R -> W,non-conservative,1
1241,1237.0,,,,,,0
1242,1238.0,,,,,,0
1243,1239.0,,,,,,0
1244,1240.0,,,,,,0
1245,1241.0,,,,,,0
1246,1242.0,,,,,,0
1247,1243.0,,,,,,0
1248,1244.0,,,,,,0
1249,1245.0,,,,,,0
1250,1246.0,,,,,,0
1251,1247.0,,,,,,0
1252,1248.0,,,,,,0
1253,1249.0,,,,,,0
1254,1250.0,g -> a,416.0,cgg -> cga,R -> R,synonymous,1
1255,1251.0,,,,,,0
1256,1252.0,,,,,,0
1257,1253.0,,,,,,0
1258,1254.0,,,,,,0
1259,1255.0,,,,,,0
1260,1256.0,,,,,,0
1261,1257.0,,,,,,0
1262,1258.0,,,,,,0
1263,1259.0,,,,,,0
1264,1260.0,,,,,,0
1265,1261.0,,,,,,0
1266,1262.0,,,,,,0
1267,1263.0,,,,,,0
1268,1264.0,,,,,,0
1269,1265.0,,,,,,0
1270,1266.0,t -> g,422.0,tcg -> gcg,S -> A,non-conservative,3
1271,1267.0,,,,,,0
1272,1268.0,g -> c,422.0,tcg -> tcc,S -> S,synonymous,1
1273,1269.0,,,,,,0
1274,1270.0,,,,,,0
1275,1271.0,,,,,,0
1276,1272.0,,,,,,0
1277,1273.0,,,,,,0
1278,1274.0,,,,,,0
1279,1275.0,,,,,,0
1280,1276.0,c -> t,425.0,gcg -> gtg,A -> V,conservative,8
1281,1277.0,,,,,,0
1282,1278.0,,,,,,0
1283,1279.0,,,,,,0
1284,1280.0,,,,,,0
1285,1281.0,,,,,,0
1286,1282.0,,,,,,0
1287,1283.0,,,,,,0
1288,1284.0,,,,,,0
1289,1285.0,,,,,,0
1290,1286.0,,,,,,0
1291,1287.0,,,,,,0
1292,1288.0,,,,,,0
1293,1289.0,,,,,,0
1294,1290.0,,,,,,0
1295,1291.0,g -> t,430.0,ggg -> gtg,G -> V,conservative,5
1296,1292.0,,,,,,0
1297,1293.0,,,,,,0
1298,1294.0,,,,,,0
1299,1295.0,,,,,,0
1300,1296.0,,,,,,0
1301,1297.0,,,,,,0
1302,1298.0,,,,,,0
1303,1299.0,,,,,,0
1304,1300.0,,,,,,0
1305,1301.0,g -> a,433.0,ctg -> cta,L -> L,synonymous,3
1306,1302.0,,,,,,0
1307,1303.0,,,,,,0
1308,1304.0,,,,,,0
1309,1305.0,,,,,,0
1310,1306.0,,,,,,0
1311,1307.0,,,,,,0
1312,1308.0,,,,,,0
1313,1309.0,,,,,,0
1314,1310.0,,,,,,0
1315,1311.0,,,,,,0
1316,1312.0,,,,,,0
1317,1313.0,,,,,,0
1318,1314.0,g -> a,438.0,gtc -> atc,V -> I,conservative,5
1319,1315.0,,,,,,0
1320,1316.0,,,,,,0
1321,1317.0,,,,,,0
1322,1318.0,,,,,,0
1323,1319.0,,,,,,0
1324,1320.0,,,,,,0
1325,1321.0,,,,,,0
1326,1322.0,,,,,,0
1327,1323.0,,,,,,0
1328,1324.0,,,,,,0
1329,1325.0,,,,,,0
1330,1326.0,,,,,,0
1331,1327.0,,,,,,0
1332,1328.0,,,,,,0
1333,1329.0,,,,,,0
1334,1330.0,,,,,,0
1335,1331.0,,,,,,0
1336,1332.0,,,,,,0
1337,1333.0,,,,,,0
1338,1334.0,,,,,,0
1339,1335.0,,,,,,0
1340,1336.0,,,,,,0
1341,1337.0,,,,,,0
1342,1338.0,,,,,,0
1343,1339.0,,,,,,0
1344,1340.0,,,,,,0
1345,1341.0,,,,,,0
1346,1342.0,,,,,,0
1347,1343.0,,,,,,0
1348,1344.0,,,,,,0
1349,1345.0,c -> t,448.0,gcg -> gtg,A -> V,conservative,1
1350,1346.0,,,,,,0
1351,1347.0,,,,,,0
1352,1348.0,,,,,,0
1353,1349.0,,,,,,0
1354,1350.0,,,,,,0
1355,1351.0,c -> t,450.0,acc -> atc,T -> I,non-conservative,9
1356,1352.0,,,,,,0
1357,1353.0,,,,,,0
1358,1354.0,,,,,,0
1359,1355.0,,,,,,0
1360,1356.0,,,,,,0
1361,1357.0,,,,,,0
1362,1358.0,,,,,,0
1363,1359.0,,,,,,0
1364,1360.0,,,,,,0
1365,1361.0,,,,,,0
1366,1362.0,,,,,,0
1367,1363.0,,,,,,0
1368,1364.0,,,,,,0
1369,1365.0,,,,,,0
1370,1366.0,,,,,,0
1371,1367.0,c -> t,455.0,ctc -> ctt,L -> L,synonymous,1
1372,1368.0,,,,,,0
1373,1369.0,,,,,,0
1374,1370.0,,,,,,0
1375,1371.0,,,,,,0
1376,1372.0,,,,,,0
1377,1373.0,,,,,,0
1378,1374.0,,,,,,0
1379,1375.0,,,,,,0
1380,1376.0,,,,,,0
1381,1377.0,,,,,,0
1382,1378.0,,,,,,0
1383,1379.0,,,,,,0
1384,1380.0,,,,,,0
1385,1381.0,,,,,,0
1386,1382.0,,,,,,0
1387,1383.0,,,,,,0
1388,1384.0,,,,,,0
1389,1385.0,,,,,,0
1390,1386.0,,,,,,0
1391,1387.0,,,,,,0
1392,1388.0,,,,,,0
1393,1389.0,,,,,,0
1394,1390.0,,,,,,0
1395,1391.0,,,,,,0
1396,1392.0,,,,,,0
1397,1393.0,,,,,,0
1398,1394.0,,,,,,0
1399,1395.0,,,,,,0
1400,1396.0,,,,,,0
1401,1397.0,,,,,,0
1402,1398.0,,,,,,0
1403,1399.0,,,,,,0
1404,1400.0,,,,,,0
1405,1401.0,,,,,,0
1406,1402.0,,,,,,0
1407,1403.0,,,,,,0
1408,1404.0,,,,,,0
1409,1405.0,,,,,,0
1410,1406.0,,,,,,0
1411,1407.0,,,,,,0
1412,1408.0,,,,,,0
1413,1409.0,,,,,,0
1414,1410.0,,,,,,0
1415,1411.0,,,,,,0
1416,1412.0,,,,,,0
1417,1413.0,,,,,,0
1418,1414.0,,,,,,0
1419,1415.0,,,,,,0
1420,1416.0,,,,,,0
1421,1417.0,,,,,,0
1422,1418.0,,,,,,0
1423,1419.0,,,,,,0
1424,1420.0,,,,,,0
1425,1421.0,,,,,,0
1426,1422.0,,,,,,0
1427,1423.0,,,,,,0
1428,1424.0,,,,,,0
1429,1425.0,,,,,,0
1430,1426.0,,,,,,0
1431,1427.0,,,,,,0
1432,1428.0,,,,,,0
1433,1429.0,,,,,,0
1434,1430.0,,,,,,0
1435,1431.0,,,,,,0
1436,1432.0,,,,,,0
1437,1433.0,,,,,,0
1438,1434.0,,,,,,0
1439,1435.0,,,,,,0
1440,1436.0,,,,,,0
1441,1437.0,,,,,,0
1442,1438.0,,,,,,0
1443,1439.0,,,,,,0
1444,1440.0,,,,,,0
1445,1441.0,,,,,,0
1446,1442.0,,,,,,0
1447,1443.0,,,,,,0
1448,1444.0,,,,,,0
1449,1445.0,,,,,,0
1450,1446.0,,,,,,0
1451,1447.0,,,,,,0
1452,1448.0,,,,,,0
1453,1449.0,,,,,,0
1454,1450.0,,,,,,0
1455,1451.0,,,,,,0
1456,1452.0,,,,,,0
1457,1453.0,,,,,,0
1458,1454.0,,,,,,0
1459,1455.0,,,,,,0
1460,1456.0,,,,,,0
1461,1457.0,,,,,,0
